<?xml version="1.0"?>
<!-- <!DOCTYPE metadata SYSTEM "http://www.esri.com/metadata/esriprof80.dtd"> -->
<metadata xml:lang="en"><Esri><CreaDate>20161123</CreaDate><CreaTime>14383600</CreaTime><SyncOnce>FALSE</SyncOnce><SyncDate>20160523</SyncDate><SyncTime>16000500</SyncTime><ModDate>20160523</ModDate><ModTime>16000500</ModTime><DataProperties><lineage><Process Name="Merge_3" ToolSource="C:\Program Files\ArcGIS\ArcToolbox\Toolboxes\Data Management Tools.tbx\Merge" Date="20080709" Time="120951" export="">Merge World_Heritage_Sites;Antonine_Wall_WHS C:\TEMP\AW\WHS_MERGE.shp "NAME NAME true false false 75 Text 0 0 ,First,#,World_Heritage_Sites,NAME,-1,-1,Antonine_Wall_WHS,NAME,-1,-1;ZONE ZONE true false false 100 Text 0 0 ,First,#,World_Heritage_Sites,ZONE,-1,-1,Antonine_Wall_WHS,ZONE,-1,-1;LINK LINK true false false 100 Text 0 0 ,First,#,World_Heritage_Sites,LINK,-1,-1,Antonine_Wall_WHS,LINK,-1,-1;AREA AREA true false false 19 Double 0 0 ,First,#,Antonine_Wall_WHS,AREA,-1,-1;AREA_HA AREA_HA true false false 9 Long 0 9 ,First,#,Antonine_Wall_WHS,AREA_HA,-1,-1"</Process><Process ToolSource="C:\Program Files\ArcGIS\ArcToolbox\Toolboxes\Data Management Tools.tbx\Append" Date="20100803" Time="164358" Name="" export="">Append HONO_WHS_inc_MP World_Heritage_Sites NO_TEST "NAME 'NAME' true false false 75 Text 0 0 ,First,#,E:\gis\Archive\112_External_Organisations\WHS\HONO_WHS_inc_MP.shp,NAME,-1,-1;ZONE 'ZONE' true false false 100 Text 0 0 ,First,#,E:\gis\Archive\112_External_Organisations\WHS\HONO_WHS_inc_MP.shp,ZONE,-1,-1;AREA 'AREA' true false false 19 Double 0 0 ,First,#;AREA_HA 'AREA_HA' true false false 9 Long 0 9 ,First,#;LINK 'LINK' true false false 200 Text 0 0 ,First,#,E:\gis\Archive\112_External_Organisations\WHS\HONO_WHS_inc_MP.shp,LINK,-1,-1" # World_Heritage_Sites</Process><Process ToolSource="C:\Program Files\ArcGIS\Desktop10.0\ArcToolbox\Toolboxes\Data Management Tools.tbx\CalculateField" Date="20130215" Time="170004" Name="" export="">CalculateField World_Heritage_Sites DES_TITLE [ZONE] VB #</Process><Process ToolSource="C:\Program Files\ArcGIS\Desktop10.0\ArcToolbox\Toolboxes\Data Management Tools.tbx\CalculateField" Date="20130215" Time="170204" Name="" export="">CalculateField World_Heritage_Sites COMPILER "HISTORIC SCOTLAND" VB #</Process><Process ToolSource="C:\Program Files\ArcGIS\Desktop10.0\ArcToolbox\Toolboxes\Data Management Tools.tbx\CalculateField" Date="20130215" Time="170257" Name="" export="">CalculateField World_Heritage_Sites TYPE "WORLD HERITAGE SITE" VB #</Process><Process ToolSource="C:\Program Files\ArcGIS\Desktop10.0\ArcToolbox\Toolboxes\Data Management Tools.tbx\CalculateField" Date="20130215" Time="170345" Name="" export="">CalculateField World_Heritage_Sites TYPE "WORLD HERITAGE SITE" VB #</Process><Process ToolSource="C:\Program Files\ArcGIS\Desktop10.0\ArcToolbox\Toolboxes\Data Management Tools.tbx\CalculateField" Date="20130215" Time="170805" Name="" export="">CalculateField World_Heritage_Sites CREATED CDate("20/09/2001") VB #</Process><Process ToolSource="C:\Program Files\ArcGIS\Desktop10.0\ArcToolbox\Toolboxes\Data Management Tools.tbx\CalculateField" Date="20130215" Time="172007" Name="" export="">CalculateField World_Heritage_Sites PRECISION "WITHIN 5 METRES" VB #</Process><Process ToolSource="c:\program files (x86)\arcgis\desktop10.2\ArcToolbox\Toolboxes\Data Management Tools.tbx\CopyFeatures" Date="20151104" Time="195507">CopyFeatures E:\gis\1_Data\11_Vector\111_Historic_Scotland\World_Heritage_Site\Maintenance\World_Heritage_Sites.shp E:\gis\1_Data\11_Vector\111_Historic_Scotland\World_Heritage_Site\World_Heritage_Sites.shp # 0 0 0</Process><Process ToolSource="c:\program files (x86)\arcgis\desktop10.2\ArcToolbox\Toolboxes\Data Management Tools.tbx\CopyFeatures" Date="20160523" Time="160005">CopyFeatures E:\GIS\1_Data\11_Vector\111_Historic_Scotland\World_Heritage_Site\Maintenance\World_Heritage_Sites.shp E:\GIS\1_Data\11_Vector\111_Historic_Scotland\Public_Data\World_Heritage_Sites.shp # 0 0 0</Process></lineage><itemProps><itemLocation><linkage Sync="TRUE">file://\\SPROAPP07\GIS\GIS\1_Data\11_Vector\111_Historic_Scotland\Public_Data\World_Heritage_Sites.shp</linkage><protocol Sync="TRUE">Local Area Network</protocol></itemLocation><itemName Sync="TRUE">World_Heritage_Sites</itemName><nativeExtBox><westBL Sync="TRUE">1875.000000</westBL><eastBL Sync="TRUE">342693.072925</eastBL><southBL Sync="TRUE">640035.602145</southBL><northBL Sync="TRUE">1030335.923173</northBL><exTypeCode Sync="TRUE">1</exTypeCode></nativeExtBox><itemSize Sync="TRUE">0.000</itemSize><imsContentType Sync="TRUE">002</imsContentType></itemProps><copyHistory><copy source="E:\GIS\1_Data\11_Vector\111_Historic_Scotland\World_Heritage_Site\Archive\2016_05_23_corporate_website_urls\World_Heritage_Sites" dest="\\SPROAPP07\GIS\GIS\1_Data\11_Vector\111_Historic_Scotland\World_Heritage_Site\Maintenance\World_Heritage_Sites" date="20160523" time="13480900"/></copyHistory><coordRef><type Sync="TRUE">Projected</type><geogcsn Sync="TRUE">GCS_OSGB_1936</geogcsn><csUnits Sync="TRUE">Linear Unit: Meter (1.000000)</csUnits><projcsn Sync="TRUE">British_National_Grid</projcsn><peXml Sync="TRUE">&lt;ProjectedCoordinateSystem xsi:type='typens:ProjectedCoordinateSystem' xmlns:xsi='http://www.w3.org/2001/XMLSchema-instance' xmlns:xs='http://www.w3.org/2001/XMLSchema' xmlns:typens='http://www.esri.com/schemas/ArcGIS/10.1'&gt;&lt;WKT&gt;PROJCS[&amp;quot;British_National_Grid&amp;quot;,GEOGCS[&amp;quot;GCS_OSGB_1936&amp;quot;,DATUM[&amp;quot;D_OSGB_1936&amp;quot;,SPHEROID[&amp;quot;Airy_1830&amp;quot;,6377563.396,299.3249646]],PRIMEM[&amp;quot;Greenwich&amp;quot;,0.0],UNIT[&amp;quot;Degree&amp;quot;,0.0174532925199433]],PROJECTION[&amp;quot;Transverse_Mercator&amp;quot;],PARAMETER[&amp;quot;False_Easting&amp;quot;,400000.0],PARAMETER[&amp;quot;False_Northing&amp;quot;,-100000.0],PARAMETER[&amp;quot;Central_Meridian&amp;quot;,-2.0],PARAMETER[&amp;quot;Scale_Factor&amp;quot;,0.9996012717],PARAMETER[&amp;quot;Latitude_Of_Origin&amp;quot;,49.0],UNIT[&amp;quot;Meter&amp;quot;,1.0],AUTHORITY[&amp;quot;EPSG&amp;quot;,27700]]&lt;/WKT&gt;&lt;XOrigin&gt;-5220400&lt;/XOrigin&gt;&lt;YOrigin&gt;-15524400&lt;/YOrigin&gt;&lt;XYScale&gt;450481592.76709664&lt;/XYScale&gt;&lt;ZOrigin&gt;-100000&lt;/ZOrigin&gt;&lt;ZScale&gt;10000&lt;/ZScale&gt;&lt;MOrigin&gt;-100000&lt;/MOrigin&gt;&lt;MScale&gt;10000&lt;/MScale&gt;&lt;XYTolerance&gt;0.001&lt;/XYTolerance&gt;&lt;ZTolerance&gt;0.001&lt;/ZTolerance&gt;&lt;MTolerance&gt;0.001&lt;/MTolerance&gt;&lt;HighPrecision&gt;true&lt;/HighPrecision&gt;&lt;WKID&gt;27700&lt;/WKID&gt;&lt;LatestWKID&gt;27700&lt;/LatestWKID&gt;&lt;/ProjectedCoordinateSystem&gt;</peXml></coordRef></DataProperties><ArcGISFormat>1.0</ArcGISFormat><ArcGISstyle>ISO 19139 Metadata Implementation Specification</ArcGISstyle><ArcGISProfile>ISO19139</ArcGISProfile><scaleRange><minScale>50000</minScale><maxScale>5000</maxScale></scaleRange></Esri><GEMINI_Metadata><IdentificationInfo><spatialRepresentationType codeList="001"/><extent><geographicElement><westBoundLongitude>-8.933164</westBoundLongitude><eastBoundLongitude>-2.910754</eastBoundLongitude><northBoundLatitude>59.156342</northBoundLatitude><southBoundLatitude>55.491343</southBoundLatitude></geographicElement></extent></IdentificationInfo><dateStamp>20151104</dateStamp><metadataStandardName>UK GEMINI Standard</metadataStandardName><metadataStandardVersion>1.0</metadataStandardVersion><referenceSystemInfo><referenceSystemIdentifier><code>001</code></referenceSystemIdentifier></referenceSystemInfo></GEMINI_Metadata><eainfo><detailed Name="World_Heritage_Sites"><enttyp><enttypl Sync="TRUE">World_Heritage_Sites</enttypl><enttypt Sync="TRUE">Feature Class</enttypt><enttypc Sync="TRUE">0</enttypc></enttyp><attr><attrlabl Sync="TRUE">FID</attrlabl><attalias Sync="TRUE">FID</attalias><attrtype Sync="TRUE">OID</attrtype><attwidth Sync="TRUE">4</attwidth><atprecis Sync="TRUE">0</atprecis><attscale Sync="TRUE">0</attscale><attrdef Sync="TRUE">Internal feature number.</attrdef><attrdefs Sync="TRUE">ESRI</attrdefs><attrdomv><udom Sync="TRUE">Sequential unique whole numbers that are automatically generated.</udom></attrdomv></attr><attr><attrlabl Sync="TRUE">Shape</attrlabl><attalias Sync="TRUE">Shape</attalias><attrtype Sync="TRUE">Geometry</attrtype><attwidth Sync="TRUE">0</attwidth><atprecis Sync="TRUE">0</atprecis><attscale Sync="TRUE">0</attscale><attrdef Sync="TRUE">Feature geometry.</attrdef><attrdefs Sync="TRUE">ESRI</attrdefs><attrdomv><udom Sync="TRUE">Coordinates defining the features.</udom></attrdomv></attr><attr><attrlabl Sync="TRUE">LINK</attrlabl><attalias Sync="TRUE">LINK</attalias><attrtype Sync="TRUE">String</attrtype><attwidth Sync="TRUE">200</attwidth><atprecis Sync="TRUE">0</atprecis><attscale Sync="TRUE">0</attscale></attr><attr><attrlabl Sync="TRUE">DES_REF</attrlabl><attalias Sync="TRUE">DES_REF</attalias><attrtype Sync="TRUE">String</attrtype><attwidth Sync="TRUE">10</attwidth><atprecis Sync="TRUE">0</atprecis><attscale Sync="TRUE">0</attscale></attr><attr><attrlabl Sync="TRUE">DES_TITLE</attrlabl><attalias Sync="TRUE">DES_TITLE</attalias><attrtype Sync="TRUE">String</attrtype><attwidth Sync="TRUE">100</attwidth><atprecis Sync="TRUE">0</atprecis><attscale Sync="TRUE">0</attscale></attr><attr><attrlabl Sync="TRUE">COMPILER</attrlabl><attalias Sync="TRUE">COMPILER</attalias><attrtype Sync="TRUE">String</attrtype><attwidth Sync="TRUE">50</attwidth><atprecis Sync="TRUE">0</atprecis><attscale Sync="TRUE">0</attscale></attr><attr><attrlabl Sync="TRUE">TYPE</attrlabl><attalias Sync="TRUE">TYPE</attalias><attrtype Sync="TRUE">String</attrtype><attwidth Sync="TRUE">50</attwidth><atprecis Sync="TRUE">0</atprecis><attscale Sync="TRUE">0</attscale></attr><attr><attrlabl Sync="TRUE">CREATED</attrlabl><attalias Sync="TRUE">CREATED</attalias><attrtype Sync="TRUE">Date</attrtype><attwidth Sync="TRUE">8</attwidth><atprecis Sync="TRUE">0</atprecis><attscale Sync="TRUE">0</attscale></attr><attr><attrlabl Sync="TRUE">UPDATED</attrlabl><attalias Sync="TRUE">UPDATED</attalias><attrtype Sync="TRUE">Date</attrtype><attwidth Sync="TRUE">8</attwidth><atprecis Sync="TRUE">0</atprecis><attscale Sync="TRUE">0</attscale></attr><attr><attrlabl Sync="TRUE">PRECISION</attrlabl><attalias Sync="TRUE">PRECISION</attalias><attrtype Sync="TRUE">String</attrtype><attwidth Sync="TRUE">50</attwidth><atprecis Sync="TRUE">0</atprecis><attscale Sync="TRUE">0</attscale></attr><attr><attrlabl Sync="TRUE">ACCURACY</attrlabl><attalias Sync="TRUE">ACCURACY</attalias><attrtype Sync="TRUE">String</attrtype><attwidth Sync="TRUE">250</attwidth><atprecis Sync="TRUE">0</atprecis><attscale Sync="TRUE">0</attscale></attr><attr><attrlabl Sync="TRUE">X</attrlabl><attalias Sync="TRUE">X</attalias><attrtype Sync="TRUE">Integer</attrtype><attwidth Sync="TRUE">9</attwidth><atprecis Sync="TRUE">9</atprecis><attscale Sync="TRUE">0</attscale></attr><attr><attrlabl Sync="TRUE">Y</attrlabl><attalias Sync="TRUE">Y</attalias><attrtype Sync="TRUE">Integer</attrtype><attwidth Sync="TRUE">9</attwidth><atprecis Sync="TRUE">9</atprecis><attscale Sync="TRUE">0</attscale></attr></detailed></eainfo><mdFileID>011edcca-d7b5-4d90-9a57-4b5da5a3b9c0</mdFileID><mdLang><languageCode value=""/><countryCode value="GBR" Sync="TRUE"></countryCode></mdLang><mdChar><CharSetCd value="004"/></mdChar><mdContact><rpIndName/><rpOrgName>Historic Environment Scotland</rpOrgName><rpPosName>GIS Officer</rpPosName><rpCntInfo><cntPhone><voiceNum>0131 668 8832</voiceNum></cntPhone><cntAddress><delPoint>Longmore House, Salisbury Place</delPoint><city>EDINBURGH</city><adminArea>Scotland</adminArea><postCode>EH91SH</postCode><country>GB</country><eMailAdd>hsgimanager@gov.scot</eMailAdd></cntAddress></rpCntInfo></mdContact><mdDateSt/><mdStanName>ArcGIS Metadata</mdStanName><mdStanVer>1.0</mdStanVer><distInfo><distributor><distorCont><rpIndName/><rpOrgName>Historic Environment Scotland</rpOrgName><rpPosName>GIS Officer</rpPosName><rpCntInfo><cntPhone><voiceNum>0131 668 8832</voiceNum></cntPhone><cntAddress><delPoint>Longmore House, Salisbury Place</delPoint><city>EDINBURGH</city><adminArea>Scotland</adminArea><postCode>EH9 1SH</postCode><country>GB</country><eMailAdd>hsgimanager@gov.scot</eMailAdd></cntAddress></rpCntInfo></distorCont><distorOrdPrc><resFees>Free of charge</resFees><ordInstr>Contact GIS Officer</ordInstr><ordTurn>2 weeks</ordTurn></distorOrdPrc><distorFormat><formatName>ESRI Shapefile</formatName><formatVer>2013</formatVer></distorFormat><distorTran><onLineSrc><linkage>http://portal.historic-scotland.gov.uk/spatialdownloads</linkage></onLineSrc></distorTran></distributor><distFormat><formatName>ESRI Shapefile</formatName><formatVer>2013</formatVer></distFormat><distTranOps><onLineSrc><linkage>http://portal.historic-scotland.gov.uk/spatialdownloads</linkage></onLineSrc><transSize Sync="TRUE">0.000</transSize></distTranOps></distInfo><dataIdInfo><idCitation><resTitle>World Heritage Sites (DATASET)</resTitle><date><createDate>2008-01-01T00:00:00</createDate><reviseDate>2015-11-04T00:00:00</reviseDate></date><presForm><PresFormCd value="005" Sync="TRUE"></PresFormCd></presForm></idCitation><idAbs>World Heritage Sites are described by UNESCO as exceptional places of ‘outstanding universal value’ and ‘belonging to all the peoples of the world, irrespective of the territory on which they are located’. The United Nations Educational, Scientific and Cultural Organization (UNESCO) seeks to protect and preserve such sites through an international treaty called the Convention concerning the Protection of the World Cultural and Natural Heritage, drawn up in 1972 Scottish Ministers identify and put forward sites to the Department for Culture, Media and Sport for nomination. This dataset comprises Scotland's cultural World Heritage Sites. Once a World Heritage Site is inscribed, under the Convention, member states have a duty to protect, conserve and present such sites for future generations.</idAbs><idPoC><rpIndName/><rpOrgName>Historic Environment Scotland</rpOrgName><rpPosName>GIS Officer</rpPosName><rpCntInfo><cntPhone><voiceNum>0131 668 8832</voiceNum></cntPhone><cntAddress><delPoint>Longmore House, Salisbury Place</delPoint><city>Edinburgh</city><adminArea>Scotland</adminArea><postCode>EH91SH</postCode><country>GB</country><eMailAdd>hsgimanager@gov.scot</eMailAdd></cntAddress></rpCntInfo></idPoC><idPoC><rpIndName/><rpOrgName>Historic Environment Scotland</rpOrgName><rpPosName>GIS Officer</rpPosName><rpCntInfo><cntPhone><voiceNum>0131 668 8832</voiceNum></cntPhone><cntAddress><delPoint>Longmore House, Salisbury Place</delPoint><city>Edinburgh</city><adminArea>Scotland</adminArea><postCode>EH91SH</postCode><country>GB</country><eMailAdd>hsgimanager@gov.scot</eMailAdd></cntAddress></rpCntInfo></idPoC><resMaint/><graphOver><bgFileName>world_heritage_logo_s.png</bgFileName><bgFileDesc>thumbnail</bgFileDesc><bgFileType>png</bgFileType></graphOver><graphOver><bgFileName>world_heritage_logo.png</bgFileName><bgFileDesc>large_thumbnail</bgFileDesc><bgFileType>png</bgFileType></graphOver><dsFormat><formatName>ESRI Shapefile</formatName><formatVer>ArcGIS 9.2</formatVer></dsFormat><otherKeys><keyword>Historic sites and monuments</keyword><keyword>Heritage</keyword><thesaName><resTitle>IPSV-Integrated Public Sector Vocabulary</resTitle><date><pubDate>2013-05-21T00:00:00</pubDate></date></thesaName></otherKeys><otherKeys><keyword>Protected Sites</keyword><thesaName><resTitle>INSPIRE Spatial Data Themes</resTitle><date><pubDate>2013-05-21T00:00:00</pubDate></date></thesaName></otherKeys><otherKeys><keyword>Landscape Conservation</keyword><keyword>Protected Area</keyword><keyword>Conservation of Monuments</keyword><thesaName><resTitle>General Multilingual Environmental Thesaurus</resTitle><date><pubDate>2013-05-21T00:00:00</pubDate></date></thesaName></otherKeys><searchKeys><keyword>Landscape Conservation</keyword><keyword>Protected Area</keyword><keyword>Protected Sites</keyword><keyword>Conservation of Monuments</keyword><keyword>Historic sites and monuments</keyword><keyword>Heritage</keyword></searchKeys><resConst><Consts><useLimit>If this data is reproduced it must be attributed with the following: Contains Historic Environment Scotland and Ordnance Survey data © Historic Environment Scotland - Scottish Charity No. SC045925 © Crown copyright and database right [year]</useLimit></Consts></resConst><resConst><Consts><useLimit>This data is licensed under the UK Open Government Licence http://www.nationalarchives.gov.uk/doc/open-government-licence/version/3/ .</useLimit></Consts></resConst><resConst><Consts><useLimit>The dataset is INDICATIVE only.</useLimit></Consts></resConst><dataScale><scaleDist><value uom="urn:ogc:def:uom:EPSG::9001">3</value></scaleDist><equScale><rfDenom>2500</rfDenom></equScale></dataScale><dataLang><languageCode value=""/><countryCode value="GBR" Sync="TRUE"></countryCode></dataLang><tpCat><TopicCatCd value="007"/></tpCat><tpCat><TopicCatCd value="016"/></tpCat><dataExt><geoEle><GeoBndBox><westBL>-7.75714</westBL><eastBL>-0.53202</eastBL><southBL>54.53297</southBL><northBL>61.46459</northBL></GeoBndBox></geoEle><tempEle><TempExtent><exTemp/></TempExtent></tempEle></dataExt><suppInfo>Historic Environment Scotland is a Non Departmental Public Body responsible to Scottish Ministers for safeguarding the nation's built heritage and promoting its understanding and</suppInfo><envirDesc Sync="TRUE">Microsoft Windows 7 Version 6.1 (Build 7601) Service Pack 1; Esri ArcGIS 10.2.1.3497</envirDesc><spatRpType><SpatRepTypCd value="001" Sync="TRUE"></SpatRepTypCd></spatRpType><dataExt><geoEle><GeoBndBox esriExtentType="search"><exTypeCode Sync="TRUE">1</exTypeCode><westBL Sync="TRUE">-8.933165</westBL><eastBL Sync="TRUE">-2.910755</eastBL><northBL Sync="TRUE">59.156342</northBL><southBL Sync="TRUE">55.491344</southBL></GeoBndBox></geoEle></dataExt></dataIdInfo><dqInfo><dqScope/><report type="DQDomConsis"><measResult><ConResult><conSpec><resTitle>INSPIRE Data Specification on Protected Sites - Guidelines v 3.1.0</resTitle><date><pubDate>2010-05-03T00:00:00</pubDate></date></conSpec><conExpl>This dataset is not in a conformed format (such as GML). However, it conforms to projection and metadata. Vertical data in metadata is currently from Chart Datum. The temporal extent of the data is not ended as this is a live dataset, which may change in the future. The version date of the data can be found under Temporal Extent.</conExpl><conPass>true</conPass></ConResult></measResult></report><dataLineage><statement>St Kilda: created from Ordnance Survey Boundary Line (originally by Scottish Natural Heritage) Edinburgh, Old and New Towns: created by onscreen digitisation against 1:2500 Ordnance Survey Landline from original georeferenced image from Management Plan. The Heart of Neolithic Orkney: site boundary created from original scheduled areas at 1:10,000. Site buffer zone created by onscreen digitisation against ordnance Survey 1:25,000 mapping. New Lanark: Site boundary and buffer zone created by onscreen digitisation against georeferenced maps from Management Plan at 1:25,000. Antonine Wall: site boundary and buffer created by onscreen digitisation against Ordnance Survey 1:25,000 mapping. Forth Bridge: site boundary created by onscreen digitisation against Ordnance Survey 1:1,250 mapping.</statement></dataLineage></dqInfo><refSysInfo><RefSystem><refSysID><identCode code="urn:ogc:def:crs:EPSG::27700"/><idCodeSpace Sync="TRUE">EPSG</idCodeSpace><idVersion Sync="TRUE">8.2.6</idVersion></refSysID></RefSystem></refSysInfo><mdHrLv><ScopeCd value="005" Sync="TRUE"></ScopeCd></mdHrLv><mdHrLvName Sync="TRUE">dataset</mdHrLvName><spatRepInfo><VectSpatRep><geometObjs Name="World_Heritage_Sites"><geoObjTyp><GeoObjTypCd value="002" Sync="TRUE"></GeoObjTypCd></geoObjTyp><geoObjCnt Sync="TRUE">0</geoObjCnt></geometObjs><topLvl><TopoLevCd value="001" Sync="TRUE"></TopoLevCd></topLvl></VectSpatRep></spatRepInfo><spdoinfo><ptvctinf><esriterm Name="World_Heritage_Sites"><efeatyp Sync="TRUE">Simple</efeatyp><efeageom code="4" Sync="TRUE"></efeageom><esritopo Sync="TRUE">FALSE</esritopo><efeacnt Sync="TRUE">0</efeacnt><spindex Sync="TRUE">FALSE</spindex><linrefer Sync="TRUE">FALSE</linrefer></esriterm></ptvctinf></spdoinfo><gmd:GEMINI_Metadata xmlns:gmd="http://www.isotc211.org/2005/gmd" xmlns:xsi="http://www.w3.org/2001/XMLSchema-instance" xmlns:gco="http://www.isotc211.org/2005/gco" xmlns:srv="http://www.isotc211.org/2005/srv" xmlns:gts="http://www.isotc211.org/2005/gts" xmlns:gml="http://www.opengis.net/gml" xmlns:xlink="http://www.w3.org/1999/xlink" xmlns:msxsl="urn:schemas-microsoft-com:xslt">
		<gmd:fileIdentifier>
			<gco:CharacterString>{81ed9bac-5c6b-4be9-bb19-6868f299ad28}</gco:CharacterString>
		</gmd:fileIdentifier>
		<gmd:hierarchyLevel>
			<gmd:MD_ScopeCode codeList="http://standards.iso.org/ittf/PubliclyAvailableStandards/ISO_19139_Schemas/resources/Codelist/gmxCodelists.xml#MD_ScopeCode" codeListValue="dataset">Dataset</gmd:MD_ScopeCode>
		</gmd:hierarchyLevel>
		<gmd:dateStamp>
			<gco:Date>2013-05-21</gco:Date>
		</gmd:dateStamp>
		<gmd:language>
			<gmd:LanguageCode codeList="http://www.loc.gov/standards/iso639-2/php/code_list.php" codeListValue="eng">English</gmd:LanguageCode>
		</gmd:language>
		<gmd:identificationInfo>
			<gmd:MD_DataIdentification>
				<gmd:language>
					<gmd:LanguageCode codeList="http://www.loc.gov/standards/iso639-2/php/code_list.php" codeListValue="eng">English</gmd:LanguageCode>
				</gmd:language>
				<gmd:abstract>
					<gco:CharacterString>World Heritage Sites are described by UNESCO as exceptional places of ‘outstanding universal value’ and ‘belonging to all the peoples of the world, irrespective of the territory on which they are located’. 
Scottish Ministers identify and put forward sites to the Department for Culture, Media and Sport for nomination.
Scotland currently has five cultural World Heritage Sites. Once a World Heritage Site is inscribed, under the Convention, member states have a duty to protect, conserve and present such sites for future generations.

Sites in Scotland inscribed on the World Heritage List:
•	The Antonine Wall
•	Edinburgh Old and New Towns
•	New Lanark 
•	The Heart of Neolithic Orkney 
•	St Kilda World Heritage Site
</gco:CharacterString>
				</gmd:abstract>
				<gmd:spatialResolution>
					<gmd:MD_Resolution>
						<gmd:distance>
							<gco:Distance uom="Meters">3</gco:Distance>
						</gmd:distance>
					</gmd:MD_Resolution>
				</gmd:spatialResolution>
				<gmd:citation>
					<gmd:CI_Citation>
						<gmd:title>
							<gco:CharacterString>World Heritage Sites</gco:CharacterString>
						</gmd:title>
						<gmd:date>
							<gmd:CI_Date>
								<gmd:date>
									<gco:Date>2010-01-01</gco:Date>
								</gmd:date>
								<gmd:dateType>
									<gmd:CI_DateTypeCode codeList="http://standards.iso.org/ittf/PubliclyAvailableStandards/ISO_19139_Schemas/resources/Codelist/gmxCodelists.xml#CI_DateTypeCode" codeListValue="publication">Publication</gmd:CI_DateTypeCode>
								</gmd:dateType>
							</gmd:CI_Date>
						</gmd:date>
					</gmd:CI_Citation>
				</gmd:citation>
				<gmd:descriptiveKeywords>
					<gmd:MD_Keywords>
						<gmd:keyword>
							<gco:CharacterString>Protected Sites </gco:CharacterString>
						</gmd:keyword>
						<gmd:keyword>
							<gco:CharacterString>Landscape Conservation</gco:CharacterString>
						</gmd:keyword>
						<gmd:keyword>
							<gco:CharacterString>Protected Area</gco:CharacterString>
						</gmd:keyword>
						<gmd:keyword>
							<gco:CharacterString>Conservation of Monuments</gco:CharacterString>
						</gmd:keyword>
						<gmd:keyword>
							<gco:CharacterString>Historic Centre  </gco:CharacterString>
						</gmd:keyword>
						<gmd:keyword>
							<gco:CharacterString>Historic sites and monuments</gco:CharacterString>
						</gmd:keyword>
						<gmd:thesaurusName>
							<gmd:CI_Citation>
								<gmd:title>
									<gco:CharacterString>INSPIRE, GEMET, IPSV-Integrated Public Sector Vocabulary</gco:CharacterString>
								</gmd:title>
								<gmd:date>
									<gmd:CI_Date>
										<gmd:date>
											<gco:Date>2013-05-21</gco:Date>
										</gmd:date>
										<gmd:dateType>
											<gmd:CI_DateTypeCode codeList="http://standards.iso.org/ittf/PubliclyAvailableStandards/ISO_19139_Schemas/resources/Codelist/gmxCodelists.xml#CI_DateTypeCode" codeListValue="publication">Publication</gmd:CI_DateTypeCode>
										</gmd:dateType>
									</gmd:CI_Date>
								</gmd:date>
							</gmd:CI_Citation>
						</gmd:thesaurusName>
						<gmd:type>
							<gmd:MD_KeywordTypeCode codeList="http://standards.iso.org/ittf/PubliclyAvailableStandards/ISO_19139_Schemas/resources/Codelist/gmxCodelists.xml#MD_KeywordTypeCode" codeListValue="theme">Theme</gmd:MD_KeywordTypeCode>
						</gmd:type>
					</gmd:MD_Keywords>
				</gmd:descriptiveKeywords>
				<gmd:extent>
					<gmd:EX_Extent>
						<gmd:geographicElement>
							<gmd:EX_GeographicDescription>
								<gmd:geographicIdentifier>
									<gmd:RS_Identifier>
										<gmd:code>
											<gco:CharacterString>SCT</gco:CharacterString>
										</gmd:code>
									</gmd:RS_Identifier>
								</gmd:geographicIdentifier>
							</gmd:EX_GeographicDescription>
						</gmd:geographicElement>
						<gmd:geographicElement>
							<gmd:EX_GeographicBoundingBox>
								<gmd:westBoundLongitude>
									<gco:Decimal>-9.17915</gco:Decimal>
								</gmd:westBoundLongitude>
								<gmd:eastBoundLongitude>
									<gco:Decimal>-0.76324</gco:Decimal>
								</gmd:eastBoundLongitude>
								<gmd:southBoundLatitude>
									<gco:Decimal>54.51671</gco:Decimal>
								</gmd:southBoundLatitude>
								<gmd:northBoundLatitude>
									<gco:Decimal>60.82570</gco:Decimal>
								</gmd:northBoundLatitude>
							</gmd:EX_GeographicBoundingBox>
						</gmd:geographicElement>
						<gmd:temporalElement>
							<gmd:EX_TemporalExtent>
								<gmd:extent>
									<gml:TimePeriod>
										<gml:beginPosition>2013-05-21</gml:beginPosition>
										<gml:endPosition/>
									</gml:TimePeriod>
								</gmd:extent>
							</gmd:EX_TemporalExtent>
						</gmd:temporalElement>
						<gmd:verticalElement>
							<gmd:EX_VerticalExtent>
								<gmd:minimumValue>
									<gco:Real>-100000.00</gco:Real>
								</gmd:minimumValue>
								<gmd:maximumValue>
									<gco:Real>900719825474.10</gco:Real>
								</gmd:maximumValue>
								<gmd:verticalCRS xlink:href=""/>
							</gmd:EX_VerticalExtent>
						</gmd:verticalElement>
					</gmd:EX_Extent>
				</gmd:extent>
				<gmd:pointOfContact>
					<gmd:CI_ResponsibleParty>
						<gmd:individualName>
							<gco:CharacterString>Michal Michalski</gco:CharacterString>
						</gmd:individualName>
						<gmd:organisationName>
							<gco:CharacterString>Historic Scotland</gco:CharacterString>
						</gmd:organisationName>
						<gmd:positionName>
							<gco:CharacterString>GIS Technician</gco:CharacterString>
						</gmd:positionName>
						<gmd:contactInfo>
							<gmd:CI_Contact>
								<gmd:address>
									<gmd:CI_Address>
										<gmd:deliveryPoint>
											<gco:CharacterString>Longmore House, Salisbury Place</gco:CharacterString>
										</gmd:deliveryPoint>
										<gmd:city>
											<gco:CharacterString>Edinburgh</gco:CharacterString>
										</gmd:city>
										<gmd:administrativeArea>
											<gco:CharacterString>Midlothian</gco:CharacterString>
										</gmd:administrativeArea>
										<gmd:postalCode>
											<gco:CharacterString>EH9 1SH</gco:CharacterString>
										</gmd:postalCode>
										<gmd:electronicMailAddress>
											<gco:CharacterString>Michal.Michalski@scotland.gsi.gov.uk</gco:CharacterString>
										</gmd:electronicMailAddress>
										<gmd:country>
											<gmd:Country codeList="http://standards.iso.org/ittf/PubliclyAvailableStandards/ISO_19139_Schemas/resources/Codelist/ML_gmxCodelists.xml#Country" codeListValue="GBR">United Kingdom of Great Britain &amp; N. Ireland</gmd:Country>
										</gmd:country>
									</gmd:CI_Address>
								</gmd:address>
								<gmd:phone>
									<gmd:CI_Telephone>
										<gmd:voice>
											<gco:CharacterString>0131 668 8832</gco:CharacterString>
										</gmd:voice>
									</gmd:CI_Telephone>
								</gmd:phone>
								<gmd:onLine>
									<gmd:CI_OnLineResource>
										<gmd:linkage>
											<gmd:URL>http://www.historic-scotland.gov.uk/</gmd:URL>
										</gmd:linkage>
									</gmd:CI_OnLineResource>
								</gmd:onLine>
							</gmd:CI_Contact>
						</gmd:contactInfo>
						<gmd:role>
							<gmd:CI_RoleCode codeList="http://standards.iso.org/ittf/PubliclyAvailableStandards/ISO_19139_Schemas/resources/Codelist/gmxCodelists.xml#MD_ScopeCode" codeListValue="pointOfContact">Point of contact</gmd:CI_RoleCode>
						</gmd:role>
					</gmd:CI_ResponsibleParty>
				</gmd:pointOfContact>
				<gmd:resourceConstraints>
					<gmd:MD_Constraints>
						<gmd:useLimitation>
							<gco:CharacterString>The dataset is INDICATIVE</gco:CharacterString>
						</gmd:useLimitation>
						<gmd:useLimitation>
							<gco:CharacterString>The user is obliged to use the following copyright on our datasets: Contains public sector information and Ordnance Survey data © Crown copyright and database right 2012.</gco:CharacterString>
						</gmd:useLimitation>
					</gmd:MD_Constraints>
				</gmd:resourceConstraints>
				<gmd:resourceConstraints>
					<gmd:MD_LegalConstraints>
						<gmd:otherConstraints>
							<gco:CharacterString>001</gco:CharacterString>
						</gmd:otherConstraints>
						<gmd:otherConstraints>
							<gco:CharacterString>006</gco:CharacterString>
						</gmd:otherConstraints>
					</gmd:MD_LegalConstraints>
				</gmd:resourceConstraints>
				<gmd:resourceMaintenance>
					<gmd:MD_MaintenanceInformation>
						<gmd:maintenanceAndUpdateFrequency>
							<gmd:MD_MaintenanceFrequencyCode codeList="http://standards.iso.org/ittf/PubliclyAvailableStandards/ISO_19139_Schemas/resources/Codelist/gmxCodelists.xml#MD_MaintenanceFrequencyCode" codeListValue="asNeeded">As needed</gmd:MD_MaintenanceFrequencyCode>
						</gmd:maintenanceAndUpdateFrequency>
					</gmd:MD_MaintenanceInformation>
				</gmd:resourceMaintenance>
			</gmd:MD_DataIdentification>
		</gmd:identificationInfo>
		<gmd:distributionInfo>
			<gmd:MD_Distribution>
				<gmd:transferOptions>
					<gmd:MD_DigitalTransferOptions>
						<gmd:onLine>
							<gmd:CI_OnlineResource>
								<gmd:linkage>
									<gmd:URL>http://data.historic-scotland.gov.uk/pls/htmldb/f?p=2100:10:0::NO:::</gmd:URL>
								</gmd:linkage>
							</gmd:CI_OnlineResource>
						</gmd:onLine>
					</gmd:MD_DigitalTransferOptions>
				</gmd:transferOptions>
				<gmd:distributionFormat>
					<gmd:MD_Format>
						<gmd:name>
							<gco:CharacterString>ESRI shapefile</gco:CharacterString>
						</gmd:name>
					</gmd:MD_Format>
				</gmd:distributionFormat>
			</gmd:MD_Distribution>
		</gmd:distributionInfo>
		<gmd:dataQualityInfo>
			<gmd:DQ_DataQuality>
				<gmd:lineage>
					<gmd:LI_Lineage>
						<gmd:statement>
							<gco:CharacterString>Boundaries has been defined by using aerial photography, Lidar and OrdnanceSurvey mapping, mainly at scale 1: 2500
</gco:CharacterString>
						</gmd:statement>
					</gmd:LI_Lineage>
				</gmd:lineage>
				<gmd:report>
					<gmd:DQ_DomainConsistency>
						<gmd:result>
							<gmd:DQ_ConformanceResult>
								<gmd:pass>
									<gco:Boolean>true</gco:Boolean>
								</gmd:pass>
								<gmd:specification>
									<gmd:CI_Citation>
										<gmd:title>
											<gco:CharacterString>HSWHS</gco:CharacterString>
										</gmd:title>
										<gmd:date>
											<gmd:CI_Date>
												<gmd:date>
													<gco:Date>2010-01-01</gco:Date>
												</gmd:date>
												<gmd:dateType>
													<gmd:CI_DateTypeCode codeList="http://standards.iso.org/ittf/PubliclyAvailableStandards/ISO_19139_Schemas/resources/Codelist/gmxCodelists.xml#CI_DateTypeCode" codeListValue="publication">Publication</gmd:CI_DateTypeCode>
												</gmd:dateType>
											</gmd:CI_Date>
										</gmd:date>
									</gmd:CI_Citation>
								</gmd:specification>
							</gmd:DQ_ConformanceResult>
						</gmd:result>
					</gmd:DQ_DomainConsistency>
				</gmd:report>
			</gmd:DQ_DataQuality>
		</gmd:dataQualityInfo>
		<gmd:referenceSystemInfo>
			<gmd:MD_ReferenceSystem>
				<gmd:referenceSystemIdentifier>
					<gmd:RS_Identifier>
						<gmd:code>
							<gco:CharacterString>British National Grid EPSG::27700</gco:CharacterString>
						</gmd:code>
					</gmd:RS_Identifier>
				</gmd:referenceSystemIdentifier>
			</gmd:MD_ReferenceSystem>
		</gmd:referenceSystemInfo>
		<gmd:contact>
			<gmd:CI_ResponsibleParty>
				<gmd:individualName>
					<gco:CharacterString>Michal Michalski</gco:CharacterString>
				</gmd:individualName>
				<gmd:organisationName>
					<gco:CharacterString>Historic Scotland</gco:CharacterString>
				</gmd:organisationName>
				<gmd:positionName>
					<gco:CharacterString>GIS Technician</gco:CharacterString>
				</gmd:positionName>
				<gmd:contactInfo>
					<gmd:CI_Contact>
						<gmd:address>
							<gmd:CI_Address>
								<gmd:deliveryPoint>
									<gco:CharacterString>Longmore House, Salisbury Place</gco:CharacterString>
								</gmd:deliveryPoint>
								<gmd:city>
									<gco:CharacterString>Edinburgh</gco:CharacterString>
								</gmd:city>
								<gmd:administrativeArea>
									<gco:CharacterString>Midlothian</gco:CharacterString>
								</gmd:administrativeArea>
								<gmd:postalCode>
									<gco:CharacterString>EH9 1SH</gco:CharacterString>
								</gmd:postalCode>
								<gmd:electronicMailAddress>
									<gco:CharacterString>Michal.Michalski@scotland.gsi.gov.uk</gco:CharacterString>
								</gmd:electronicMailAddress>
								<gmd:country>
									<gmd:Country codeList="http://standards.iso.org/ittf/PubliclyAvailableStandards/ISO_19139_Schemas/resources/Codelist/ML_gmxCodelists.xml#Country" codeListValue="GBR">United Kingdom of Great Britain &amp; N. Ireland</gmd:Country>
								</gmd:country>
							</gmd:CI_Address>
						</gmd:address>
						<gmd:phone>
							<gmd:CI_Telephone>
								<gmd:voice>
									<gco:CharacterString>0131 668 8832</gco:CharacterString>
								</gmd:voice>
							</gmd:CI_Telephone>
						</gmd:phone>
						<gmd:onLine>
							<gmd:CI_OnLineResource>
								<gmd:linkage>
									<gmd:URL>http://www.historic-scotland.gov.uk/</gmd:URL>
								</gmd:linkage>
							</gmd:CI_OnLineResource>
						</gmd:onLine>
					</gmd:CI_Contact>
				</gmd:contactInfo>
				<gmd:role>
					<gmd:CI_RoleCode codeList="http://standards.iso.org/ittf/PubliclyAvailableStandards/ISO_19139_Schemas/resources/Codelist/gmxCodelists.xml#MD_ScopeCode" codeListValue="pointOfContact">Point of contact</gmd:CI_RoleCode>
				</gmd:role>
			</gmd:CI_ResponsibleParty>
		</gmd:contact>
	</gmd:GEMINI_Metadata></metadata>
